,index,species,score
23,0,bird,0.6132599711418152
8,0,dog,0.10603809356689453
11,0,equid,0.04739609360694885
10,0,squirrel,0.03427683189511299
4,0,chamois,0.03201916441321373
